"Date","Leaders","Place","Participating Officials","Officials Rank","Description","Resources"
"1953/11/10 - 1953/11/27","Mao Zedong/Kim Il-sung","China","Kim Il-sung (金日成) and Mao Zedong (毛泽东)","Premier (朝鲜民主主义人民共和国内阁首相) and Chairman of Communist Party of China (中国共产党中央委员会主席)","Summit Meeting: Official visit, the Sino-North Korean Economic and Cultural Cooperation Agreement was signed","http://www.ziliaoku.org/rmrb/1953-11-24-1#103598"
"1954/09/28 - 1954/10/05","Mao Zedong/Kim Il-sung","China","Kim Il-sung (金日成) and Mao Zedong (毛泽东)","Premier (朝鲜民主主义人民共和国内阁首相) and Chairman of Communist Party of China (中国共产党中央委员会主席)","Summit Meeting: Goodwill visit, 5th anniversary of the founding of the People's Republic of China","http://www.ziliaoku.org/rmrb/1954-09-29-1#115176"
"1958/02/14 - 1958/02/21","Mao Zedong/Kim Il-sung","North Korea","Zhou Enlai (周恩来) and Kim Il-sung (金日成)","Premier (中华人民共和国国务院总理) and Premier (朝鲜民主主义人民共和国内阁首相)","Summit Meeting: Goodwill visit","http://www.ziliaoku.org/rmrb/1958-02-15-1#187581"
"1958/11/21 - 1958/11/28","Mao Zedong/Kim Il-sung","China","Kim Il-sung (金日成) and Mao Zedong (毛泽东)","Premier (朝鲜民主主义人民共和国内阁首相) and Chairman of Communist Party of China (中国共产党中央委员会主席)","Summit Meeting: Goodwill visit","http://www.ziliaoku.org/rmrb/1958-11-23-1#209929"
"1959/09/25 - 1959/10/03","Mao Zedong/Kim Il-sung","China","Kim Il-sung (金日成) and Mao Zedong (毛泽东)","Premier (朝鲜民主主义人民共和国内阁首相) and Chairman of Communist Party of China (中国共产党中央委员会主席)","Summit Meeting: Goodwill visit, 10th anniversary of the founding of the People's Republic of China","http://www.ziliaoku.org/rmrb/1959-09-26-2#230361"
"1961/07/10 - 1961/07/15","Mao Zedong/Kim Il-sung","China","Kim Il-sung (金日成) and Mao Zedong (毛泽东)","Premier (朝鲜民主主义人民共和国内阁首相) and Chairman of Communist Party of China (中国共产党中央委员会主席)","Summit Meeting: Goodwill visit, signed the Sino-North Korean Mutual Aid and Cooperation Friendship Treaty","http://www.ziliaoku.org/rmrb/1961-07-11-1#272829"
"1962/06/17","Mao Zedong/Kim Il-sung","China","Pak Gum-chol (朴金喆) and Zhu De (朱德)","Member of the Presidium of the Supreme People's Assembly (朝鲜最高人民会议常任委员会委员) and Vice Chairman of Communist Party of China (中国共产党中央委员会副主席)","Goodwill Visit: Supreme People's Assembly delegation","http://www.ziliaoku.org/rmrb/1962-06-17-1#292140"
"1963/06/05 - 1963/06/17","Mao Zedong/Kim Il-sung","China","Choe Yong-gon (崔庸健) and Mao Zedong (毛泽东)","Chairman of the Standing Committee of the Supreme People's Assembly (朝鲜民主主义人民共和国最高人民会议常任委员会委员长) and Chairman of Communist Party of China (中国共产党中央委员会主席)","Goodwill Visit (official)","http://www.ziliaoku.org/rmrb/1963-06-16-1#308729"
"1963/09/15 - 1963/09/27","Mao Zedong/Kim Il-sung","North Korea","Liu Shaoqi (刘少奇) and Kim Il-sung (金日成)","Chairman of Communist Party of China (中华人民共和国主席) and General Secretary of Workers' Party of Korea (朝鲜劳动党中央委员会总书记)","State Visit: Goodwill visit","http://www.ziliaoku.org/rmrb/1963-09-15-1#312396"
"1964/05/11 - 1964/05/14","Mao Zedong/Kim Il-sung","China","Choe Won-teak (崔元泽) and Zhu De (朱德)","Chairman of the Supreme People's Assembly (朝鲜人民共和国最高人民会议议长) and Chairman of the Standing Committee of the National People's Congress (中华人民共和国全国人民代表大会常务委员会委员长)","Goodwill Visit: National People's Congress invitation","http://www.ziliaoku.org/rmrb/1964-05-12-1#322864"
"1964/09/30 - 1964/10/09","Mao Zedong/Kim Il-sung","China","Choe Yong-gon (崔庸健) and Mao Zedong (毛泽东)","Chairman of the Standing Committee of the Supreme People's Assembly (朝鲜民主主义人民共和国最高人民会议常任委员会委员长) and Chairman of Communist Party of China (中国共产党中央委员会主席)","Anniversary Visit: 15th anniversary of the founding of the People's Republic of China","http://www.ziliaoku.org/rmrb/1964-09-30-1#329763"
"1965/06/28 - 1965/07/10","Mao Zedong/Kim Il-sung","China","Kang Ryang-uk (康良煜) and Liu Shaoqi (刘少奇)","Vice President of Presidium of the Supreme People's Assembly (朝鲜最高人民会议常任委员会副委员长) and Chairman of the People's Republic of China (中华人民共和国主席)","Goodwill Visit: Supreme People's Assembly delegation","http://www.ziliaoku.org/rmrb/1965-06-29-1#342399"
"1969/09/30 - 1969/09/31","Mao Zedong/Kim Il-sung","China","Choe Yong-gon (崔庸健) and Mao Zedong (毛泽东)","Chairman of the Standing Committee of the Supreme People's Assembly (朝鲜民主主义人民共和国最高人民会议常任委员会委员长) and Chairman of Communist Party of China (中共中央主席)","Anniversary Visit (official): 20th anniversary of the founding of the People's Republic of China","http://www.ziliaoku.org/rmrb/1969-10-01-5#389809"
"1970/04/05 - 1970/04/07","Mao Zedong/Kim Il-sung","North Korea","Zhou Enlai (周恩来) and Kim Il-sung (金日成)","Premier (中华人民共和国国务院总理) and Prime Minister (朝鲜民主主义人民共和国内阁首相)","Summit Meeting: Official goodwill visit","http://www.ziliaoku.org/rmrb/1970-04-06-1#395609"
"1970/06/24 - 1970/06/30","Mao Zedong/Kim Il-sung","China","Pak Song-chol (朴成哲) and Zhou Enlai (周恩来)","Member of the Political Bureau of the Central Committee of the Workers' Party of Korea (朝鲜劳动党中央委员会政治委员会常务委员会委员) and Premier (中华人民共和国国务院总理)","Anniversary Visit: 20th anniversary of the Korean War","http://www.ziliaoku.org/rmrb/1970-06-25-3#397809"
"1972/12/22 - 1972/12/25","Mao Zedong/Kim Il-sung","North Korea","Ji Pengfei (姬鹏飞) and Ho Dam (许锬)","Minister of Foreign Affairs (中华人民共和国外交部长) and Minister of Foreign Affairs (朝鲜民主主义人民共和国外交部长)","Goodwill Visit: Ministry of Foreign Affairs invitation","http://www.ziliaoku.org/rmrb/1972-12-23-1#429438"
"1973/02/09 - 1973/02/14","Mao Zedong/Kim Il-sung","China","Ho Dam (许锬) and Zhou Enlai (周恩来)","Minister of Foreign Affairs (朝鲜民主主义人民共和国外交部长) and Premier (中华人民共和国国务院总理)","Goodwill Visit (official): Ministry of Foreign Affairs invitation","http://www.ziliaoku.org/rmrb/1973-02-12-3#431495"
"1973/09/08 - 1973/09/20","Mao Zedong/Kim Il-sung","North Korea","Li Desheng (李德生) and Kim Il-sung (金日成)","Vice Chairman of Communist Party of China (中国共产党中央委员会副主席) and General Secretary of Workers' Party of Korea (朝鲜劳动党中央委员会总书记)","Anniversary Visit: 25th anniversary of the founding of the Democratic People's Republic of Korea","http://www.ziliaoku.org/rmrb/1973-09-09-1#440205"
"1974/06/09","Mao Zedong/Kim Il-sung","China","Ho Dam (许锬) and Deng Xiaoping (邓小平)","Minister of Foreign Affairs (朝鲜民主主义人民共和国外交部长) and Vice Premier (中华人民共和国国务院副总理)","Goodwill Visit: Ministry of Foreign Affairs invitation","http://www.ziliaoku.org/rmrb/1974-06-09-1#450330"
"1975/04/18 - 1975/04/26","Mao Zedong/Kim Il-sung","China","Kim Il-sung (金日成) and Mao Zedong (毛泽东)","General Secretary of Workers' Party of Korea (朝鲜劳动党中央委员会总书记) and Chairman of Communist Party of China (中共中央主席)","Summit Meeting: Goodwill visit","http://www.ziliaoku.org/rmrb/1975-04-18-1#461822"
"1975/09/24 - 1975/09/27","Mao Zedong/Kim Il-sung","North Korea","Zhang Chunqiao (张春桥) and Kim Il-sung (金日成)","Member of the Politburo Standing Committee of Communist Party of China (中国共产党中央政治局常务委员会委员) and General Secretary of Workers' Party of Korea (朝鲜劳动党中央委员会总书记)","Goodwill Visit: Communist Party of China delegation","http://www.ziliaoku.org/rmrb/1975-09-25-1#467601"
"1975/12/19","Mao Zedong/Kim Il-sung","China","Kim Hwan (金涣) and Zhang Chunqiao (张春桥)","Member of Central Committee of the Workers' Party of Korea (朝鲜劳动党中央委员会委员) and Member of the Politburo Standing Committee of the Communist Party of China (中国共产党中央政治局常务委员会委员)","Goodwill Visit: Central Committee of the Workers' Party of Korea delegation","http://www.ziliaoku.org/rmrb/1975-12-19-4#470823"
"1978/05/05 - 1978/05/10","Deng Xiaoping/Kim Il-sung","North Korea","Hua Guofeng (华国锋) and Kim Il-sung (金日成)","Chairman of Communist Party of China (中共中央主席) and General Secretary of Workers' Party of Korea (朝鲜劳动党中央委员会总书记)","State Visit: Official goodwill visit","http://www.ziliaoku.org/rmrb/1978-05-05-1#501439"
"1978/09/08 - 1978/09/13","Deng Xiaoping/Kim Il-sung","North Korea","Deng Xiaoping (邓小平) and Kim Il-sung (金日成)","Vice Chairman of the Communist Party of China (中共中央副主席) and General Secretary of Workers' Party of Korea (朝鲜劳动党中央委员会总书记)","Summit Meeting: 30th anniversary of the founding of the Democratic People's Republic of Korea","http://www.ziliaoku.org/rmrb/1978-09-09-1#506016"
"1979/05/27 - 1979/06/02","Deng Xiaoping/Kim Il-sung","North Korea","Deng Yingchao (邓颖超) and Kim Il-sung (金日成)","Member of Central Politburo of Communist Party of China (中国共产党中央政治局委员) and General Secretary of Workers' Party of Korea (朝鲜劳动党中央委员会总书记)","Goodwill Visit: Formal invitation from Kim Il-sung","http://www.ziliaoku.org/rmrb/1979-05-27-1#516990"
"1979/07/17 - 1979/07/18","Deng Xiaoping/Kim Il-sung","China","Kim Hwan (金涣) and Li Xiannian (李先念)","Member of Central Committee of the Workers' Party of Korea (朝鲜劳动党中央委员会委员) and Vice Chairman of the Communist Party of China (中共中央副主席)","Goodwill Visit: Workers' Party of Korea delegation","http://www.ziliaoku.org/rmrb/1979-07-19-1#519310"
"1980/10/10 - 1980/10/16","Deng Xiaoping/Kim Il-sung","North Korea","Li Xiannian (李先念) and Kim Il-sung (金日成)","Vice Chairman of the Communist Party of China (中国共产党中央委员会副主席) and General Secretary of Workers' Party of Korea (朝鲜劳动党中央委员会总书记)","Goodwill Visit: Attended 6th Congress of Workers' Party of Korea","http://www.ziliaoku.org/rmrb/1980-10-10-1#549602"
"1980/11/11","Deng Xiaoping/Kim Il-sung","China","So Chol (徐哲) and Li Xiannian (李先念)","Member of Politburo of Workers' Party of Korea (朝鲜劳动党中央政治局委员) and Vice Chairman of the Communist Party of China (中国共产党中央委员会副主席)","Goodwill Visit: Workers' Party of Korea delegation","http://www.ziliaoku.org/rmrb/1980-11-12-1#552319"
"1981/01/10 - 1981/01/14","Deng Xiaoping/Kim Il-sung","China","Ri Jong-ok (李钟玉) and Zhao Ziyang (赵紫阳)","Premier (朝鲜民主主义人民共和国政务院总理) and Premier (中华人民共和国國務院總理)","Goodwill Visit: Official visit, formal party invitation.","http://www.ziliaoku.org/rmrb/1981-01-11-1#557030"
"1981/11/27 - 1981/11/28","Deng Xiaoping/Kim Il-sung","China","Kim Yong-nam (金永南) and Hu Yaobang (胡耀邦)","Member of Politburo of Workers' Party of Korea (朝鲜劳动党中央政治局委员) and Chairman of Communist Party of China (中国共产党中央委员会主席)","Goodwill Visit: Workers' Party of Korea delegation","http://www.ziliaoku.org/rmrb/1981-11-28-1#582663"
"1981/12/20 - 1981/12/24","Deng Xiaoping/Kim Il-sung","North Korea","Zhao Ziyang (赵紫阳) and Kim Il-sung (金日成)","Vice Chairman of the Communist Party of China (中国共产党中央委员会副主席) and General Secretary of Workers' Party of Korea (朝鲜劳动党中央委员会总书记)","Goodwill Visit: Communist Party of China and government delegation","http://www.ziliaoku.org/rmrb/1981-12-23-1#584720"
"1982/04/26 - 1982/04/30","Deng Xiaoping/Kim Il-sung","North Korea","Hu Yaobang and Deng Xiaoping (胡耀邦、邓小平) and Kim Il-sung (金日成)","Chairman and Vice Chairman of the Communist Party of China (中国共产党中央委员会主席、副主席) and General Secretary of Workers' Party of Korea (朝鲜劳动党中央委员会总书记)","Summit Meeting: Unofficial Visit","http://www.upi.com/Archives/1982/09/17/Top-Chinese-leaders-Deng-Xiaoping-and-Hu-Yaobang-made/9742401083200/"
"1982/05/11 - 1982/05/13","Deng Xiaoping/Kim Il-sung","China","Heo Jong-suk (许贞淑) and Ye Jianying (叶剑英)","Secretary of Central Committee of the Workers' Party of Korea (朝鲜劳动党中央书记) and Vice Chairman of Communist Party of China (中国共产党中央委员会副主席)","Goodwill Visit: Supreme People's Assembly delegation","http://www.ziliaoku.org/rmrb/1982-05-12-1#596065"
"1982/09/16 - 1982/09/25","Deng Xiaoping/Kim Il-sung","China","Kim Il-sung (金日成) and Hu Yaobang (胡耀邦)","President (朝鲜民主主义人民共和國主席) and Chairman of Communist Party of China (中国共产党中央委员会主席)","Summit Meeting: Official visit","http://www.ziliaoku.org/rmrb/1982-09-16-1#606301"
"1982/10/26 - 1982/10/29","Deng Xiaoping/Kim Il-sung","North Korea","Chen Muhua (陈慕华) and Kim Il-sung (金日成)","State Councilor and Minister of Trade (国务委员兼对外经济贸易部部长) and President (朝鲜民主主义人民共和國主席)","Goodwill Visit: Signed the 1982-1986 Sino-North Korea long-term trade agreement","http://www.ziliaoku.org/rmrb/1982-10-29-6#609676"
"1982/12/27","Deng Xiaoping/Kim Il-sung","China","Choe Jeong-geun (崔鼎根) and Chen Muhua (陈慕华)","Minister of Trade (朝鲜贸易部部长) and State Councilor and Minister of Trade (国务委员兼对外经济贸易部部长)","Goodwill Visit: Signed the 1983 Agreement on Mutual Supply of Goods between China and the DPRK","http://www.ziliaoku.org/rmrb/1982-12-27-4#614036"
"1983/05/01 - 1983/05/02","Deng Xiaoping/Kim Il-sung","China","Ri Kun-mo (李根模) and Hu Yaobang (胡耀邦)","Member of Politburo of Workers' Party of Korea (朝鲜劳动党中央政治局委员) and General Secretary of Communist Party of China (中国共产党中央委员会总书记)","Goodwill Visit: Workers' Party of Korea delegation","http://www.ziliaoku.org/rmrb/1983-05-02-1#625100"
"1983/05/20 - 1983/05/25","Deng Xiaoping/Kim Il-sung","North Korea","Wu Xueqian (吴学谦) and Kim Il-sung (金日成)","Minister of Foreign Affairs (中华人民共和国外交部长) and General Secretary of Workers' Party of Korea (朝鲜劳动党中央委员会总书记)","Goodwill Visit: Ministry of Foreign Affairs invitation","http://www.ziliaoku.org/rmrb/1983-05-24-6#627151  E"
"1983/06/02 - 1983/06/12","Deng Xiaoping/Kim Il-sung","China","Kim Jong-il (金正日) and Deng Xiaoping (邓小平)","Secretary of Central Committee of the Workers' Party of Korea (朝鲜劳动党中央委员会书记) and Chairman of Central Advisory Commission (中国共产党中央顾问委员会主任)","Goodwill visit: Unofficial Visit, 1st visit to China since announced as the successor","http://kp.china-embassy.org/chn/zcgx/gchf/08sbgx/t464213.htm"
"1983/07/06 - 1983/07/07","Deng Xiaoping/Kim Il-sung","China","Yang Hyong-sop (杨亨燮) and Hu Yaobang (胡耀邦)","President of the Presidium of the Supreme People's Assembly (朝鲜最高人民会议议长) and General Secretary of Communist Party of China (中国共产党中央委员会总书记)","Goodwill Visit: Supreme People's Assembly delegation","http://www.ziliaoku.org/rmrb/1983-07-08-1#630593"
"1983/09/07 - 1983/09/15","Deng Xiaoping/Kim Il-sung","North Korea","Peng Zhen (彭真) and Kim Il-sung (金日成)","Member of Central Politburo of Communist Party of China (中国共产党中央政治局委员) and President (朝鲜民主主义人民共和國主席)","Anniversary Visit: 35th anniversary of the founding of the Democratic People's Republic of Korea","http://www.ziliaoku.org/rmrb/1983-09-18-6#637275"
"1983/11/20","Deng Xiaoping/Kim Il-sung","China","An Sung Hak (安承鹤) and Hu Yaobang (胡耀邦)","Secretary of the Workers' Party of Korea (朝鲜劳动党中央书记) and General Secretary of Communist Party of China (中国共产党中央委员会总书记)","Goodwill Visit: Workers' Party of Korea delegation","http://www.ziliaoku.org/rmrb/1983-11-21-1#643148"
"1984/02/07 - 1984/02/14","Deng Xiaoping/Kim Il-sung","China","Kim Yong-nam (金永南) and Hu Yaobang (胡耀邦)","Member of Politburo of Workers' Party of Korea (朝鲜劳动党中央政治局委员) and General Secretary of Communist Party of China (中国共产党中央委员会总书记)","Goodwill Visit: Official visit, conveyed Kim Il-sung's invitation to Hu Yaobang to visit North Korea","http://www.ziliaoku.org/rmrb/1984-02-15-1#649980"
"1984/05/04 - 1984/05/11","Deng Xiaoping/Kim Il-sung","North Korea","Hu Yaobang (胡耀邦) and Kim Il-sung (金日成)","General Secretary of Communist Party of China (中国共产党中央委员会总书记) and General Secretary of Workers' Party of Korea (朝鲜劳动党中央委员会总书记)","State Visit: Official friendly visit","http://www.ziliaoku.org/rmrb/1984-05-04-1#656908"
"1984/08/05 - 1984/08/10","Deng Xiaoping/Kim Il-sung","China","Kang Song-san (姜成山) and Zhao Ziyang (赵紫阳)","Premier (朝鲜民主主义人民共和国政務院总理) and Premier (中华人民共和国国务院总理)","State Visit: Official visit","http://www.ziliaoku.org/rmrb/1984-08-06-1#665302"
"1984/11/26 - 1984/11/28","Deng Xiaoping/Kim Il-sung","China","Kim Il-sung (金日成) and Deng Xiaoping (邓小平)","President (朝鲜民主主义人民共和國主席) and Chairman of Central Advisory Commission (中国共产党中央顾问委员会主任)","Summit Meeting: Unofficial visit",""
"1984/12/31","Deng Xiaoping/Kim Il-sung","China","Kim Yong-nam (金永南) and Wu Xueqian (吴学谦)","Vice Premier and Minister of Foreign Affairs (朝鲜民主主义人民共和国政务院副总理兼外长) and State Councilor and Minister of Foreign Affairs (国务委员兼外交部长)","Goodwill Visit","http://www.ziliaoku.org/rmrb/1985-01-01-2#679168"
"1985/01/15","Deng Xiaoping/Kim Il-sung","China","Kong Jin Tae (孔镇泰) and Zhao Ziyang (赵紫阳)","Vice Premier (朝鲜民主主义人民共和国政务院副总理) and Premier (中华人民共和国国务院总理)","Goodwill Visit: North Korean trade delegation","http://www.ziliaoku.org/rmrb/1985-01-16-1#680569"
"1985/04/19 - 1985/04/24","Deng Xiaoping/Kim Il-sung","North Korea","Qian Liren (钱李仁) and Kim Il-sung (金日成)","Head of International Liaison Department of the Communist Party of China (中共中央对外联络部部长) and President (朝鲜民主主义人民共和國主席)","Goodwill Visit","http://www.ziliaoku.org/rmrb/1985-04-21-6#689930"
"1985/05/04 - 1985/05/06","Deng Xiaoping/Kim Il-sung","North Korea","Hu Yaobang 胡耀邦 and Kim Il-sung (金日成)","General Secretary of Communist Party of China (中国共产党中央委员会总书记) and General Secretary of Workers' Party of Korea (朝鲜劳动党中央委员会总书记)","State Visit: Unofficial visit","http://phtv.ifeng.com/hotspot/zhongchao60nian/200911/1106_8594_1424373.shtml"
"1986/10/03 - 1986/10/06","Deng Xiaoping/Kim Il-sung","North Korea","Li Xiannian (李先念) and Kim Il-sung (金日成)","President (中华人民共和国主席) and President (朝鲜民主主义人民共和國主席)","State Visit: Friendly visit","http://www.ziliaoku.org/rmrb/1986-10-04-1#740371"
"1987/03/09 - 1987/03/10","Deng Xiaoping/Kim Il-sung","North Korea","Zhu Liang (朱良) and Kim Il-sung (金日成)","Head of International Liaison Department of the Communist Party of China (中共中央对外联络部部长) and President (朝鲜民主主义人民共和國主席)","Goodwill Visit","http://www.ziliaoku.org/rmrb/1987-03-11-6#755796"
"1987/05/21 - 1987/05/25","Deng Xiaoping/Kim Il-sung","China","Kim Il-sung (金日成) and Li Xiannian (李先念)","President (朝鲜民主主义人民共和國主席) and President (中华人民共和国主席)","Summit Meeting: Official friendly visit","http://www.ziliaoku.org/rmrb/1987-05-21-4#762552"
"1987/10/06","Deng Xiaoping/Kim Il-sung","China","Yang Hyong-sop (杨亨燮) and Zhao Ziyang (赵紫阳)","Chairman of the Standing Committee of the Supreme People's Assembly (朝鲜最高人民会议议长) and Acting General Secretary of Communist Party of China (中共中央代理总书记)","Goodwill Visit: Supreme People's Assembly delegation","http://www.ziliaoku.org/rmrb/1987-10-07-1#775127"
"1987/11/09 - 1987/11/14","Deng Xiaoping/Kim Il-sung","China","Ri Kun-mo (李根模) and Zhao Ziyang (赵紫阳)","Premier (朝鲜民主主义人民共和国政务院总理) and Premier (中华人民共和国国务院总理)","State Visit: Official friendly visit","http://www.ziliaoku.org/rmrb/1987-11-10-1#778019"
"1987/11/28","Deng Xiaoping/Kim Il-sung","North Korea","Song Jian (宋健) and Park Song-chol (朴成哲)","State Councilor and Director of National Commission on Science and Technology (国务委员兼国家科委主任) and Vice President (朝鲜国家副主席)","Goodwill Visit: Technology delegation","http://www.ziliaoku.org/rmrb/1987-12-02-6#780049"
"1988/05/14","Deng Xiaoping/Kim Il-sung","China","Kim Bok-sin (金福信) and Zhao Ziyang (赵紫阳)","Member of Politburo of Workers' Party of Korea (朝鲜劳动党中央政治局候补委员) and General Secretary of Communist Party of China (中国共产党中央委员会总书记)","Goodwill Visit: Workers' Party of Korea and government delegation","http://www.ziliaoku.org/rmrb/1988-05-14-1#795126"
"1988/09/07 - 1988/09/11","Deng Xiaoping/Kim Il-sung","North Korea","Yang Shangkun (杨尚昆) and Kim Il-sung (金日成)","President (中华人民共和国主席) and President (朝鲜民主主义人民共和國主席)","State Visit: 40th anniversary of the founding of the Democratic People's Republic of Korea","http://www.ziliaoku.org/rmrb/1988-09-11-1#806801"
"1988/11/03 - 1988/11/07","Deng Xiaoping/Kim Il-sung","China","Kim Yong-nam (金永南) and Zhao Ziyang (赵紫阳)","Vice Premier and Minister of Foreign Affairs (朝鲜民主主义人民共和国政务院副总理兼外长) and General Secretary of Communist Party of China (中国共产党中央委员会总书记)","Goodwill Visit (official)","http://www.ziliaoku.org/rmrb/1988-11-06-1#812008"
"1989/04/24 - 1989/04/29","Deng Xiaoping/Kim Il-sung","North Korea","Zhao Ziyang (赵紫阳) and Kim Il-sung (金日成)","General Secretary of Communist Party of China (中国共产党中央委员会总书记) and General Secretary of Workers' Party of Korea (朝鲜劳动党中央委员会总书记)","State Visit: Official friendly visit","http://www.ziliaoku.org/rmrb/1989-04-24-1#827845"
"1989/09/07","Deng Xiaoping/Kim Il-sung","China","Son Sung-pil (孙圣弼) and Wan Li (万里)","Vice President of Supreme People's Assembly (朝鲜最高人民会议副议长) and Chairman of the Standing Committee of the National People's Congress (中华人民共和国全国人民代表大会常务委员会委员长)","Goodwill Visit: Supreme People's Assembly delegation","http://www.ziliaoku.org/rmrb/1989-09-07-1#838978"
"1989/11/05 - 1989/11/07","Deng Xiaoping/Kim Il-sung","China","Kim Il-sung (金日成) and Deng Xiaoping (邓小平)","General Secretary of Workers' Party of Korea (朝鲜劳动党中央委员会总书记) and Chairman of Central Advisory Commission (中国共产党中央顾问委员会主任)","Summit Meeting: Informal visit, Deng informed Kim of his retirement","http://business.sohu.com/20111012/n321910103.shtml"
"1990/03/14 - 1990/03/16","Jiang Zemin/Kim Il-sung","North Korea","Jiang Zemin (江泽民) and Kim Il-sung (金日成)","General Secretary of Communist Party of China (中国共产党中央委员会总书记) and General Secretary of Workers' Party of Korea (朝鲜劳动党中央委员会总书记)","Summit Meeting: Official friendly visit, Jiang's first visit to North Korea since becoming General Secretary","http://www.ziliaoku.org/rmrb/1990-03-15-1#863128"
"1990/04/12","Jiang Zemin/Kim Il-sung","China","Kim Yong-nam (金永南) and Qian Qichen (钱其琛)","Vice Premier and Minister of Foreign Affairs (朝鲜民主主义人民共和国政务院副总理兼外长) and State Councilor and Minister of Foreign Affairs (国务委员兼外长)","Goodwill Visit","http://www.ziliaoku.org/rmrb/1990-04-13-2#865748"
"1990/08/23","Jiang Zemin/Kim Il-sung","North Korea","Qin Jiwei (秦基伟) and O Jin-u (吴振宇)","State Councilor and Minister of Defense (国务委员兼国防部长) and Member of Central Committee of the Workers' Party of Korea and Minister of People's Armed Forces (朝鲜劳动党中央政治局常委、朝鲜人民武装力量部部长)","Anniversary Visit: 40th anniversary of the Korean War","http://www.ziliaoku.org/rmrb/1990-08-24-6#879753"
"1990/10/06 - 1990/10/13","Jiang Zemin/Kim Il-sung","North Korea","Song Ping (宋平) and Kim Il-sung (金日成)","Member of the Politburo Standing Committee of Communist Party of China (中国共产党中央政治局常务委员会委员) and General Secretary of Workers' Party of Korea (朝鲜劳动党中央委员会总书记)","Anniversary Visit: 45th anniversary of the founding of the Democratic People's Republic of Korea","http://www.ziliaoku.org/rmrb/1990-10-08-6#851160"
"1990/11/10","Jiang Zemin/Kim Il-sung","China","Kim Yang-gon (金养建) and Song Ping (宋平)","Director of International Affairs Department of Workers' Party of Korea (朝鲜劳动党中央国际部代表) and Member of the Politburo Standing Committee of the Communist Party of China (中共中央政治局常委)","Goodwill Visit: Workers' Party of Korea delegation","http://www.ziliaoku.org/rmrb/1990-11-11-1#854660"
"1990/11/23 - 1990/11/28","Jiang Zemin/Kim Il-sung","China","Yon Hyong-muk (延亨默) and Li Peng (李鹏)","Premier (朝鲜民主主义人民共和国政务院总理) and Premier (中华人民共和国国务院总理)","State Visit: Official visit","http://www.ziliaoku.org/rmrb/1990-11-23-1#855965"
"1991/05/03 - 1991/05/06","Jiang Zemin/Kim Il-sung","North Korea","Li Peng (李鹏) and Kim Il-sung (金日成)","Premier (中华人民共和国国务院总理) and President (朝鲜民主主义人民共和國主席)","State Visit: Official friendly visit, discussed the entry of the two Koreas into the United Nations","http://202.201.7.26/adksvod/vodText/62117/info.html"
"1991/06/17 - 1991/06/20","Jiang Zemin/Kim Il-sung","North Korea","Qian Qichen (钱其琛) and Kim Il-sung (金日成)","State Councilor and Minister of Foreign Affairs (国务委员兼外长) and General Secretary of Workers' Party of Korea (朝鲜劳动党中央委员会总书记)","Friendly Visit: Official friendly visit","http://www.fmprc.gov.cn/web/gjhdq_676201/gj_676203/yz_676205/1206_676404/sbgx_676408/"
"1991/07/20","Jiang Zemin/Kim Il-sung","China","Ri Ja-bang (李子方) and Wan Li (万里)","Member of Central Committee of the Workers' Party of Korea (朝鲜劳动党中央委员会委员) and Chairman of the Standing Committee of the National People's Congress (中华人民共和国全国人民代表大会常务委员会委员长)","Goodwill Visit",""
"1991/08/24","Jiang Zemin/Kim Il-sung","North Korea","Zhu Liang (朱良) and Kim Il-sung (金日成)","Head of International Liaison Department of the Communist Party of China (中共中央对外联络部部长) and General Secretary of Workers' Party of Korea (朝鲜劳动党中央委员会总书记)","Goodwill Visit","http://www.ziliaoku.org/rmrb/1991-08-24-6"
"1991/10/04 - 1991/10/13","Jiang Zemin/Kim Il-sung","China","Kim Il-sung (金日成) and Jiang Zemin (江泽民)","General Secretary of Workers' Party of Korea (朝鲜劳动党中央委员会总书记) and General Secretary of Communist Party of China (中共中央总书记)","Summit Meeting: Official friendly visit, first since Jiang came into power","http://www.ziliaoku.org/rmrb/1991-10-05-1#887736"
"1992/04/12 - 1992/04/17","Jiang Zemin/Kim Il-sung","North Korea","Yang Shangkun (杨尚昆) and Kim Il-sung (金日成)","President (中华人民共和国主席) and President (朝鲜民主主义人民共和國主席)","State Visit: Official friendly visit","http://bit.ly/2mCcuAl"
"1992/05/20 - 1992/05/29","Jiang Zemin/Kim Il-sung","China","Yang Hyong-sop (杨亨燮) and Wan Li (万里)","Chairman of the Standing Committee of the Supreme People's Assembly (朝鲜最高人民会议议长) and Chairman of the Standing Committee of the National People's Congress (中华人民共和国全国人民代表大会常务委员会委员长)","Goodwill Visit: Also visited Shandong and Jiangsu provinces","http://www.jssdfz.com/book/wsz/FL/FL1.html"
"1992/07/15","Jiang Zemin/Kim Il-sung","North Korea","Qian Qichen (钱其琛) and Kim Il-sung (金日成)","Minister of Foreign Affairs (中华人民共和国外交部长) and President (朝鲜民主主义人民共和國主席)","Goodwill Visit: Informed Kim of China's imminent normalization of relations with South Korea","http://bit.ly/2lVk6PN"
"1993/07/26 - 1993/07/29","Jiang Zemin/Kim Il-sung","North Korea","Hu Jintao (胡锦涛) and Kim Il-sung (金日成)","Member of the Politburo Standing Committee and Secretary of the Secretariat of the Communist Party of China (中国共产党中央政治局常务委员会委员, 书记处书记) and General Secretary of Workers' Party of Korea (朝鲜劳动党中央委员会总书记)","Anniversary Visit: 40th anniversary of the end of the Korean War","http://www.ziliaoku.org/rmrb/1993-07-28-1#908652"
"1994/02/22 - 1994/02/24","Jiang Zemin/Kim Il-sung","North Korea","Li Shuzheng (李淑铮) and Kim Il-sung (金日成)","Head of International Liaison Department of the Communist Party of China (中共中央对外联络部部长) and General Secretary of Workers' Party of Korea (朝鲜劳动党中央委员会总书记)","Goodwill Visit: Invited Kim Il-sung to visit China on behalf of General Secretary Jiang Zemin","http://www.ziliaoku.org/rmrb/1994-02-26-6"
"1994/06/06 - 1994/06/13","Jiang Zemin/Kim Il-sung","China","Choe Kwang (崔光) and Jiang Zemin (江泽民)","Member of Politburo of Workers' Party of Korea and Chief of General Staff Department of Korean People's Army (朝鲜劳动党中央政治局委员, 朝鲜人民军总参谋长) and General Secretary of Communist Party of China (中国共产党中央委员会总书记)","Goodwill Visit: Korean People's Army delegation","http://www.ziliaoku.org/rmrb/1994-06-08-1#966534"
"1994/09/27 - 1994/10/04","Jiang Zemin/Kim Jong-il","China","Ri Jong-ok (李钟玉) and Li Peng (李鹏)","Member of Politburo of Workers' Party of Korea and Vice President (朝鲜劳动党中央政治局委员、国家副主席) and Premier (中华人民共和国国务院总理)","Anniversary Visit: 45th anniversary of the founding of the People's Republic of China","http://www.ziliaoku.org/rmrb/1994-10-01-2#943218"
"1996/05/21 - 1996/05/25","Jiang Zemin/Kim Jong-il","China","Hong Song-nam (洪成南) and Li Peng (李鹏)","Vice Premier (朝鲜民主主义人民共和国政务院副总理) and Premier (中华人民共和国国务院总理)","Goodwill Visit: Signed Sino-North Korean economic and technology cooperation agreement, and China agreed to send 20,000 tons of food aid to North Korea","http://www.ziliaoku.org/rmrb/1996-05-23-1#1048345"
"1996/07/09 - 1996/07/13","Jiang Zemin/Kim Jong-il","China","Kim Yun-hyeok (金润赫) and Jiang Zemin (江泽明)","Vice Premier (朝鲜民主主义人民共和国政务院副总理) and General Secretary of Communist Party of China (中国共产党中央委员会总书记)","Anniversary Visit: 35th anniversary of the Sino-North Korean Mutual Aid and Cooperation Friendship Treaty","http://www.ziliaoku.org/rmrb/1996-07-11-1#1015332"
"1996/07/10 - 1996/07/13","Jiang Zemin/Kim Jong-il","North Korea","Luo Gan (罗干) and Ri Jong-ok (李钟玉)","State Councilor and Secretary General of the State Council (中国国务委员兼国务院秘书长) and Member of Politburo of Workers' Party of Korea and Vice President (朝鲜劳动党中央政治局委员、国家副主席)","Anniversary Visit: 35th anniversary of the Sino-North Korean Mutual Aid and Cooperation Friendship Treaty","http://www.ziliaoku.org/rmrb/1996-07-11-4#1015365"
"1996/08/28","Jiang Zemin/Kim Jong-il","China","Han Ji-sul (韩致雪) and Qiao Shi (乔石)","Head of the Supreme People's Procuratorate (朝鲜最高检察所代理总长) and Chairman of the Standing Committee of the National People's Congress (中华人民共和国全国人民代表大会常务委员会委员长)","Goodwill Visit: Prosecutor delegation","http://www.ziliaoku.org/rmrb/1996-08-29-1"
"1999/10/05 - 1999/10/09","Jiang Zemin/Kim Jong-il","North Korea","Tang Jiaxuan (唐家璇) and Kim Yong-nam (金永南)","Minister of Foreign Affairs (中华人民共和国外交部长) and President of the Presidium of the Supreme People's Assembly (朝鲜最高人民会议常任委员会委员长)","Anniversary Visit: 50th anniversary of Sino-North Korean relations","http://www.ziliaoku.org/rmrb/1999-10-07-3#1132115"
"1999/06/03 - 1999/06/07","Jiang Zemin/Kim Jong-il","China","Kim Yong-nam (金永南) and Li Peng (李鹏)","President of the Presidium of the Supreme People's Assembly (朝鲜最高人民会议常任委员会委员长) and Chairman of the Standing Committee of the National People's Congress (中华人民共和国全国人民代表大会常务委员会委员长)","State Visit: Official goodwill visit","http://www.ziliaoku.org/rmrb/1999-06-04-1#1156122"
"2000/03/18 - 2000/03/22","Jiang Zemin/Kim Jong-il","China","Paek Nam-sun (白南舜) and Tang Jiaxuan (唐家璇)","Minister of Foreign Affairs (朝鲜民主主义人民共和国外交部长) and Minister of Foreign Affairs (中华人民共和国外交部长)","Goodwill Visit: Ministry of Foreign Affairs invitation","http://www.ziliaoku.org/rmrb/2000-03-19-4#1185760"
"2000/05/29 - 2000/05/31","Jiang Zemin/Kim Jong-il","China","Kim Jong-il (金正日) and Jiang Zemin (江泽民)","General Secretary of Workers' Party of Korea (朝鲜劳动党中央委员会总书记) and General Secretary of Communist Party of China (中国共产党中央委员会总书记)","Summit Meeting: Unofficial visit, 1st trip to China since coming into power","http://kp.china-embassy.org/eng/zcgx/zcgxgk/t308491.htm"
"2000/09/12 - 2000/09/15","Jiang Zemin/Kim Jong-il","North Korea","Dai Bingguo (戴秉国) and Kim Jong-il (金正日)","Head of International Liaison Department of the Communist Party of China (中共中央对外联络部部长) and General Secretary of Workers' Party of Korea (朝鲜劳动党中央委员会总书记)","Goodwill Visit: Formal party invitation","http://www.ziliaoku.org/rmrb/2000-09-16-3#1169780"
"2000/10/22 - 2000/10/26","Jiang Zemin/Kim Jong-il","North Korea","Chi Haotian (迟浩田) and Kim Jong-il (金正日)","Vice Chairman of the Central Military Commission, State Councilor and Minister of Defense (中央军委副主席、国务委员兼国防部长) and General Secretary of Workers' Party of Korea (朝鲜劳动党中央委员会总书记)","Anniversary Visit: 50th anniversary of the People's Volunteer Army joining the Korean War","http://www.ziliaoku.org/rmrb/2000-10-26-1#1173737"
"2001/01/15 - 2001/01/20","Jiang Zemin/Kim Jong-il","China","Kim Jong-il (金正日) and Jiang Zemin (江泽民)","General Secretary of Workers' Party of Korea (朝鲜劳动党中央委员会总书记) and General Secretary of Communist Party of China (中国共产党中央委员会总书记)","Summit Meeting: Unofficial visit, also visited Shanghai","http://kp.china-embassy.org/eng/zcgx/zcgxgk/t308491.htm"
"2001/03/20 - 2001/03/24","Jiang Zemin/Kim Jong-il","North Korea","Zeng Qinghong (曾庆红) and Kim Jong-il (金正日)","Alternate Member of the Central Politburo and Secretary of the Secretariat of the Communist Party of China (中共中央政治局候补委员、书记处书记) and General Secretary of Workers' Party of Korea (朝鲜劳动党中央委员会总书记)","Goodwill Visit: Conveyed Kim Jong-il's invitation to Jiang Zemin to visit North Korea","http://www.ziliaoku.org/rmrb/2001-03-23-3#1224827"
"2001/07/09 - 2001/07/13","Jiang Zemin/Kim Jong-il","North Korea","Jiang Chunyun (姜春云) and Yang Hyong-sop (杨亨燮)","Member of the Central Politburo of Communist Party of China and Vice Chairman of the Standing Committee of the National People's Congress (中共中央政治局委员、全国人大常委会副委员长) and Vice President of the Presidium of the Supreme People's Assembly (朝鲜最高人民会议常任委员会副委员长)","Anniversary Visit: 40th anniversary of Sino-North Korean Mutual Aid and Cooperation Friendship Treaty","www.ziliaoku.org/rmrb/2001-07-10-3#1226069"
"2001/07/10 - 2001/07/14","Jiang Zemin/Kim Jong-il","China","Kim Yun-hyeok (金润赫) and Jiang Zemin (江泽民)","Secretary of Presidium of the Supreme People's Assembly (朝鲜最高人民会议常任委员会秘书长) and General Secretary of Communist Party of China (中共中央总书记)","Anniversary Visit: 40th anniversary of Sino-North Korean Mutual Aid and Cooperation Friendship Treaty","http://www.ziliaoku.org/rmrb/2001-07-12-1#1229399"
"2001/09/03 - 2001/09/05","Jiang Zemin/Kim Jong-il","North Korea","Jiang Zemin (江泽民) and Kim Jong-il (金正日)","General Secretary of Communist Party of China (中国共产党中央委员会总书记) and General Secretary of Workers' Party of Korea (朝鲜劳动党中央委员会总书记)","Summit Meeting: Official goodwill visit, Jiang's first visit since 1990","http://www.ziliaoku.org/rmrb/2001-09-04-1#1205892"
"2002/05/06 - 2002/05/10","Jiang Zemin/Kim Jong-il","North Korea","Jia Qinglin (贾庆林) and Kim Jong-il (金正日)","Member of the Central Politburo of Communist Party of China (中共中央政治局委员) and General Secretary of Workers' Party of Korea (朝鲜劳动党中央委员会总书记)","Goodwill Visit: Communist Party of China delegation","http://www.ziliaoku.org/rmrb/2002-05-10-3#1266686"
"2002/10/15 - 2002/10/19","Jiang Zemin/Kim Jong-il","China","Yang Hyong-sop (杨亨燮) and Jiang Chunyun (姜春云)","Vice President of Presidium of the Supreme People's Assembly (最高人民会议常任委员会副委员长) and Member of the Central Politburo of the Communist Party of China and Vice Chairman of the Standing Committee of the National People's Congress (中共中央政治局委员、全国人大常委会副委员长)","Goodwill Visit","http://www.ziliaoku.org/rmrb/2002-10-16-4#1247581"
"2003/10/29 - 2003/10/31","Hu Jintao/Kim Jong-il","North Korea","Wu Bangguo (吴邦国) and Kim Yong-nam (金永南)","Chairman of the Standing Committee of the National People's Congress (中华人民共和国全国人民代表大会常务委员会委员长) and President of the Presidium of the Supreme People's Assembly (朝鲜最高人民会议常任委员会委员长)","Goodwill Visit: Official goodwill visit","http://www.ziliaoku.org/rmrb/2003-10-30-1#1292285"
"2004/01/19","Hu Jintao/Kim Jong-il","North Korea","Wang Jiarui (王家瑞) and Kim Jong-il (金正日)","Head of International Liaison Department of the Communist Party of China (中共中央对外联络部部长) and General Secretary of Workers' Party of Korea (朝鲜劳动党中央委员会总书记)","Goodwill Visit","http://news.xinhuanet.com/world/2004-01/19/content_1284016.htm"
"2004/03/23 - 2004/03/25","Hu Jintao/Kim Jong-il","North Korea","Li Zhaoxing (李肇星) and Paek Nam-sun (白南舜)","Minister of Foreign Affairs (中华人民共和国外交部长) and Minister of Foreign Affairs (朝鲜民主主义人民共和国外交部长)","Goodwill Visit","http://news.xinhuanet.com/english/2004-03/23/content_1380840.htm"
"2004/04/19 - 2004/04/21","Hu Jintao/Kim Jong-il","China","Kim Jong-il (金正日) and Hu Jintao (胡锦涛)","General Secretary of Workers' Party of Korea (朝鲜劳动党中央委员会总书记) and General Secretary of Communist Party of China (中国共产党中央委员会总书记)","Summit Meeting: Unofficial visit, 1st since Hu Jintao came into power, also visited Tianjin","http://news.sina.com.cn/z/KimJongilChina/"
"2004/07/13 - 2004/07/14","Hu Jintao/Kim Jong-il","China","Kim Il-chol (金一哲) and Wu Bangguo (吴邦国)","Member of the National Defence Commission and Minister of the People's Armed Forces (朝鲜民主主义人民共和国国防委员会委员、人民武装力量部长) and Member of the Politburo Standing Committee of the Communist Party of China and Chairman of the Standing Committee of the National People's Congress (中国共产党中央政治局常务委员会委员、全国人大常委会委员长)","Goodwill Visit","http://www.chinacourt.org/article/detail/2004/07/id/124165.shtml"
"2004/09/10 - 2004/09/13","Hu Jintao/Kim Jong-il","North Korea","Li Changchun (李长春) and Kim Jong-il (金正日)","Member of the Politburo Standing Committee of the Communist Party of China (中国共产党中央政治局常务委员会委员) and General Secretary of Workers' Party of Korea (朝鲜劳动党中央委员会总书记)","Anniversary Visit: 55th anniversary of Sino-North Korean relations","http://people.com.cn/GB/shizheng/8198/37464/index.html"
"2004/10/18 - 2004/10/20","Hu Jintao/Kim Jong-il","China","Kim Yong-nam (金永南) and Hu Jintao (胡锦涛)","President of the Presidium of the Supreme People's Assembly (朝鲜最高人民会议常任委员会委员长) and General Secretary of Communist Party of China (中国共产党中央委员会总书记)","State Visit: Official goodwill visit","http://kp.china-embassy.org/chn/zcgx/gchf/2003yl/t165901.htm"
"2005/02/19 - 2005/02/22","Hu Jintao/Kim Jong-il","North Korea","Wang Jiarui (王家瑞) and Kim Jong-il (金正日)","Head of International Liaison Department of the Communist Party of China (中共中央对外联络部部长) and General Secretary of Workers' Party of Korea (朝鲜劳动党中央委员会总书记)","Goodwill Visit: China reaffirmed goal of denuclearization of Korean Peninsula and return to Six-Party Talks","http://news.xinhuanet.com/world/2005-02/22/content_2602786.htm"
"2005/03/22 - 2005/03/27","Hu Jintao/Kim Jong-il","China","Pak Pong-ju (朴凤柱) and Wen Jiabao (温家宝)","Premier (朝鲜民主主义人民共和国内阁总理) and Premier (中华人民共和国国务院总理)","State Visit: Official goodwill visit, signed promotion and protection of investment agreement and environmental cooperation agreement","http://news.xinhuanet.com/video/2005-03/23/content_2731816.htm"
"2005/07/12 - 2005/07/13","Hu Jintao/Kim Jong-il","North Korea","Tang Jiaxuan (唐家璇) and Kim Jong-il (金正日)","State Councilor (国务委员) and General Secretary of Workers' Party of Korea (朝鲜劳动党中央委员会总书记)","Goodwill Visit: Official goodwill visit, Tang went as Hu Jintao's special envoy","http://kp.china-embassy.org/chn/zcgx/gchf/2003yl/t203589.htm"
"2005/10/08 - 2005/10/10","Hu Jintao/Kim Jong-il","North Korea","Wu Yi (吴仪) and Kim Jong-il (金正日)","Vice Premier (中华人民共和国国务院副总理) and General Secretary of Workers' Party of Korea (朝鲜劳动党中央委员会总书记)","Anniversary Visit: 60th anniversary of the Workers' Party of Korea","http://kp.china-embassy.org/chn/zcgx/gchf/2003yl/t215694.htm"
"2005/10/28 - 2005/10/30","Hu Jintao/Kim Jong-il","North Korea","Hu Jintao (胡锦涛) and Kim Jong-il (金正日)","General Secretary of Communist Party of China (中国共产党中央委员会总书记) and General Secretary of Workers' Party of Korea (朝鲜劳动党中央委员会总书记)","Summit Meeting: Official goodwill visit, Hu's first trip to North Korea","http://www.taipeitimes.com/News/world/archives/2005/10/29/2003277849"
"2006/01/10 - 2006/01/18","Hu Jintao/Kim Jong-il","China","Kim Jong-il (金正日) and Hu Jintao (胡锦涛)","General Secretary of Workers' Party of Korea (朝鲜劳动党中央委员会总书记) and General Secretary of Communist Party of China (中国共产党中央委员会总书记)","Summit Meeting: Unofficial visit, also visited Hubei and Guangdong provinces","http://kp.china-embassy.org/chn/zcgx/gchf/2006/t231812.htm"
"2006/04/04 - 2006/04/06","Hu Jintao/Kim Jong-il","North Korea","Cao Gangchuan (曹刚川) and Kim Yong-nam (金永南)","Member of Central Politburo of Communist Party of China and Vice Chairman of Central Military Commission (中共中央政治局委员、中央军委副主席) and President of the Presidium of the Supreme People's Assembly (朝鲜最高人民会议常任委员会委员长)","Goodwill Visit","http://kp.china-embassy.org/chn/zcgx/gchf/2006/t288467.htm"
"2006/05/30 - 2006/06/06","Hu Jintao/Kim Jong-il","China","Paek Nam-sun (白南舜) and Wen Jiabao (温家宝)","Minister of Foreign Affairs (朝鲜民主主义人民共和国外交部长) and Premier (中华人民共和国国务院总理)","Goodwill Visit: Official Ministry of Foreign Affairs invitation, also visited Guangzhou","http://www.chinadaily.com.cn/china/2006-05/23/content_598237.htm"
"2006/07/10 - 2006/07/15","Hu Jintao/Kim Jong-il","North Korea","Hui Liangyu (回良玉) and Kim Yong-nam (金永南)","Member of Central Politburo of Communist Party of China and Vice Premier (中共中央政治局委员、国务院副总理) and President of the Presidium of the Supreme People's Assembly (朝鲜最高人民会议常任委员会委员长)","Anniversary Visit: 45th anniversary of Sino-North Korean Mutual Aid and Cooperation Friendship Treaty","http://kp.china-embassy.org/chn/zcgx/gchf/2006/t288448.htm"
"2006/07/11 - 2006/07/15","Hu Jintao/Kim Jong-il","China","Yang Hyong-sop (杨亨燮) and Hu Jintao (胡锦涛)","Vice President of the Presidium of the Supreme People's Assembly (朝鲜最高人民会议常任委员会副委员长) and General Secretary of Communist Party of China (中国共产党中央委员会总书记)","Anniversary Visit: 45th anniversary of Sino-North Korean Mutual Aid and Cooperation Friendship Treaty","http://kp.china-embassy.org/chn/zcgx/gchf/2006/t262599.htm"
"2006/10/18 - 2006/10/19","Hu Jintao/Kim Jong-il","North Korea","Tang Jiaxuan (唐家璇) and Kim Jong-il (金正日)","State Councilor (国务委员) and General Secretary of Workers' Party of Korea (朝鲜劳动党中央委员会总书记)","Goodwill Visit: Official goodwill visit, Tang went as Hu Jintao's special envoy","http://kp.china-embassy.org/chn/zcgx/gchf/2006/t288084.htm"
"2007/07/02 - 2007/07/04","Hu Jintao/Kim Jong-il","North Korea","Yang Jiechi (杨洁篪) and Kim Jong-il (金正日)","Minister of Foreign Affairs (中华人民共和国外交部长) and General Secretary of Workers' Party of Korea (朝鲜劳动党中央委员会总书记)","Goodwill Visit","http://english.cri.cn/2946/2007/07/03/48@245316.htm"
"2007/10/30 - 2007/11/03","Hu Jintao/Kim Jong-il","North Korea","Liu Yunshan (刘云山) and Kim Jong-il (金正日)","Member of the Central Politburo and Secretary of the Secretariat of the Communist Party of China (中共中央政治局委员、中央书记处书记) and General Secretary of Workers' Party of Korea (朝鲜劳动党中央委员会总书记)","Goodwill Visit: Discussed results of 17th National Congress of CPC","http://kp.china-embassy.org/chn/zcgx/gchf/sbgx/t376644.htm"
"2008/01/29 - 2008/02/02","Hu Jintao/Kim Jong-il","North Korea","Wang Jiarui (王家瑞) and Kim Jong-il (金正日)","Head of International Liaison Department of the Communist Party of China (中共中央对外联络部部长) and General Secretary of Workers' Party of Korea (朝鲜劳动党中央委员会总书记)","Goodwill Visit","http://kp.china-embassy.org/chn/zcgx/gchf/08sbgx/t404699.htm"
"2008/04/26 - 2008/04/29","Hu Jintao/Kim Jong-il","China","Pak Ui-chun (朴义春) and Xi Jinping (习近平)","Minister of Foreign Affairs (朝鲜民主主义人民共和国外交部长) and Vice Pesident (中华人民共和国副主席)","Goodwill Visit: Also visited Shanghai","http://news.xinhuanet.com/english/2008-04/29/content_8073241.htm"
"2008/06/17 - 2008/06/19","Hu Jintao/Kim Jong-il","North Korea","Xi Jinping (习近平) and Kim Jong-il (金正日)","Vice Pesident (中华人民共和国副主席) and General Secretary of Workers' Party of Korea (朝鲜劳动党中央委员会总书记)","Goodwill Visit: Xi's first stop on his first trip overseas since taking office as vice president","http://www.china.org.cn/international/news/2008-06/19/content_15853289.htm"
"2008/08/08","Hu Jintao/Kim Jong-il","China","Kim Yong-nam (金永南) and Hu Jintao (胡锦涛)","President of the Presidium of the Supreme People's Assembly (朝鲜最高人民会议常任委员会委员长) and General Secretary of Communist Party of China (中国共产党中央委员会总书记)","Goodwill Visit: 2008 Beijing Olympics opening ceremony","http://in.reuters.com/article/idINIndia-34987820080813"
"2009/01/21 - 2009/01/23","Hu Jintao/Kim Jong-il","North Korea","Wang Jiarui (王家瑞) and Kim Jong-il (金正日)","Head of International Liaison Department of the Communist Party of China (中共中央对外联络部部长) and General Secretary of the Workers' Party of Korea (朝鲜劳动党中央委员会总书记)","Goodwill Visit: 2009 is Year of China-North Korea Friendship and 60th anniversary of Sino-North Korea relations.","http://kp.china-embassy.org/chn/zcgx/gchf/09sbgx/t533769.htm"
"2009/03/17 - 2009/03/21","Hu Jintao/Kim Jong-il","China","Kim Yong-il (金英日) and Wen Jiabao (温家宝)","Premier (朝鲜民主主义人民共和国内阁总理) and Premier (中华人民共和国国务院总理)","State Visit: Official goodwill visit","http://www.fmprc.gov.cn/ce/cebe/eng/zxxx/t543497.htm"
"2009/04/13 - 2009/04/17","Hu Jintao/Kim Jong-il","North Korea","Li Jinhua (李金华) and Kim Yong-nam (金永南)","Vice Chairperson of the National Commmittee of the Chinese People's Political Consultative Conference (中国人民政治协商会议全国委员会副主席) and President of the Presidium of the Supreme People's Assembly (朝鲜最高人民会议常任委员会委员长)","Goodwill Visit: Activities for Year of China-North Korea Friendship","http://kp.china-embassy.org/chn/zcgx/gchf/09sbgx/t557986.htm"
"2009/09/16 - 2009/09/18","Hu Jintao/Kim Jong-il","North Korea","Dai Bingguo (戴秉国) and Kim Jong-il (金正日)","State Councilor (国务委员) and General Secretary of Workers' Party of Korea (朝鲜劳动党中央委员会总书记)","Goodwill Visit: Dai was Hu Jintao's special envoy","http://english.hani.co.kr/arti/english_edition/e_northkorea/377439.html"
"2009/10/04 - 2009/10/06","Hu Jintao/Kim Jong-il","North Korea","Wen Jiabao (温家宝) and Kim Jong-il (金正日)","Premier (中华人民共和国国务院总理) and General Secretary of Workers' Party of Korea (朝鲜劳动党中央委员会总书记)","Summit Meeting: Official goodwill visit, 60th anniversary of Sino-North Korea relations","http://www.fmprc.gov.cn/ce/cekp/chn/zcgxzxxx/t618435.htm"
"2009/11/18","Hu Jintao/Kim Jong-il","China","Kim Jong-gak (金正阁) and Xi Jinping (习近平)","Member of National Defense Committee and Vice Director of the General Political Bureau of the Korean People's Army (朝鲜国防委员会委员、人民军总政治局第一副局长) and Vice President (中华人民共和国副主席)","Goodwill Visit: Korean People's Army delegation","http://kp.china-embassy.org/chn/zcgx/gchf/09sbgx/t627730.htm"
"2009/11/22 - 2009/11/26","Hu Jintao/Kim Jong-il","North Korea","Liang Guanglie (梁光烈) and Kim Jong-il (金正日)","State Councilor and Minister of National Defense (中国国务委员兼国防部长) and General Secretary of Workers' Party of Korea (朝鲜劳动党中央委员会总书记)","Goodwill Visit: 60th anniversary of Sino-North Korea relations activities","http://kp.china-embassy.org/chn/zcgx/gchf/09sbgx/t629466.htm"
"2009/11/30 - 2009/12/03","Hu Jintao/Kim Jong-il","North Korea","Chen Zhili (陈至立) and Kim Yong-nam (金永南)","Vice Chairman of the Standing Committee of the National People's Congress (全国人大常委会副委员) and President of the Presidium of the Supreme People's Assembly (朝鲜最高人民会议常任委员会委员长)","Goodwill Visit: 60th anniversary of Sino-North Korea relations activities","http://kp.china-embassy.org/chn/zcgx/gchf/09sbgx/t631453.htm"
"2009/12/18","Hu Jintao/Kim Jong-il","China","Kim Wansu (金完洙) and Jia Qinglin (贾庆林)","Secretary of Democratic Front for the Reunification of the Fatherland (朝鲜祖国统一民主主义战线中央委员会书记局局长) and Member of the Politburo Standing Committee of Communist Party of China and Chairperson of the National Committee of the Chinese People's Political Consultative Conference (中国共产党中央政治局常务委员会委员、全国政协主席)","Goodwill Visit: 60th anniversary of Sino-North Korea relations activities","http://kp.china-embassy.org/chn/zcgx/gchf/09sbgx/t646762.htm"
"2010/02/06 - 2010/02/09","Hu Jintao/Kim Jong-il","North Korea","Wang Jiarui (王家瑞) and Kim Jong-il (金正日)","Head of International Liaison Department of Communist Party of China (中共中央对外联络部部长) and General Secretary of Workers' Party of Korea (朝鲜劳动党中央委员会总书记)","Goodwill Visit: Chinese New Year greetings","http://kp.china-embassy.org/chn/zcgx/gchf/sbgx2010/t657150.htm"
"2010/02/23","Hu Jintao/Kim Jong-il","China","Kim Yong-il (金永日) and Hu Jintao (胡锦涛)","Director of International Affairs Department of Workers' Party of Korea (朝鲜劳动党国际部长) and General Secretary of Communist Party of China (中国共产党中央委员会总书记)","Goodwill Visit","http://kp.china-embassy.org/chn/zcgx/gchf/sbgx2010/t660980.htm"
"2010/04/29 - 2010/05/01","Hu Jintao/Kim Jong-il","China","Kim Yong-nam (金永南) and Hu Jintao (胡锦涛)","President of the Presidium of the Supreme People's Assembly (朝鲜最高人民会议常任委员会委员长) and General Secretary of Communist Party of China (中国共产党中央委员会总书记)","Goodwill Visit: Shanghai World Expo opening ceremony","http://kp.china-embassy.org/chn/zcgx/gchf/sbgx2010/t689294.htm"
"2010/05/03 - 2010/05/07","Hu Jintao/Kim Jong-il","China","Kim Jong-il (金正日) and Hu Jintao (胡锦涛)","General Secretary of Workers' Party of Korea (朝鲜劳动党中央委员会总书记) and General Secretary of Communist Party of China (中国共产党中央委员会总书记)","Summit Meeting: Unofficial visit, also visited Dalian, Shenyang and Tianjin","http://www.fmprc.gov.cn/web/gjhdq_676201/gj_676203/yz_676205/1206_676404/sbgx_676408/"
"2010/08/26 - 2010/08/30","Hu Jintao/Kim Jong-il","China","Kim Jong-il (金正日) and Hu Jintao (胡锦涛)","General Secretary of Workers' Party of Korea (朝鲜劳动党中央委员会总书记) and General Secretary of Communist Party of China (中国共产党中央委员会总书记)","Summit Meeting: Unofficial visit, also visited Jilin and Heilongjiang provinces","http://kp.china-embassy.org/chn/zcgx/gchf/sbgx2010/t736173.htm"
"2010/09/30 - 2010/10/02","Hu Jintao/Kim Jong-il","China","Choe Thae-bok (崔泰福) and Hu Jintao (胡锦涛)","Member of Politburo and Secretary of the Central Committee of Workers' Party of Korea(朝鲜劳动党中央政治局委员、书记局书记) and General Secretary of Communist Party of China (中国共产党中央委员会总书记)","Goodwill Visit: Workers' Party of Korea delegation","http://kp.china-embassy.org/chn/zcgx/gchf/sbgx2010/t758910.htm"
"2010/10/09 - 2010/10/11","Hu Jintao/Kim Jong-il","North Korea","Zhou Yongkang (周永康) and Kim Jong-il (金正日)","Member of Politburo Standing Committee of Communist Party of China and Secretary of Central Political and Legal Affairs Commission (中国共产党中央政治局常务委员会委员、中央政法委书记) and General Secretary of Workers' Party of Korea (朝鲜劳动党中央委员会总书记)","Anniversary Visit: 65th anniversary of the Workers' Party of Korea","http://kp.china-embassy.org/chn/zxxx/t760039.htm"
"2010/10/19","Hu Jintao/Kim Jong-il","China","Mun Kyong Dok (文京德) and Wang Jiarui (王家瑞)","Alternate member of the Politburo and Secretary of the Central Committee of Workers' Party of Korea (朝鲜党中央政治局候补委员、书记局书记) and Head of International Liaison Department of Communist Party of China (中共中央对外联络部部长)","Goodwill Visit: Workers' Party of Korea delegation","http://kp.china-embassy.org/chn/zcgx/gchf/sbgx2010/t762746.htm"
"2010/11/01 - 2010/11/08","Hu Jintao/Kim Jong-il","China","Choe Yong-rim (崔永林) and Wen Jiabao (温家宝)","Premier (朝鲜民主主义人民共和国内阁总理) and Premier (中华人民共和国国务院总理)","State Visit: Observation visit","http://www.chinadaily.com.cn/china/2011-09/27/content_13797005.htm"
"2010/12/01","Hu Jintao/Kim Jong-il","China","Choe Thae-bok (崔泰福) and Wu Bangguo (吴邦国)","Member of Politburo and Secretary of the Central Committee of the Workers' Party of Korea (朝鲜劳动党中央政治局委员、书记局书记) and Chairman of the Standing Committee of the National People's Congress (中华人民共和国全国人民代表大会常务委员会委员长)","Goodwill Visit","http://kp.china-embassy.org/chn/zcgx/gchf/sbgx2010/t773834.htm"
"2010/12/08 - 2010/12/09","Hu Jintao/Kim Jong-il","North Korea","Dai Bingguo (戴秉国) and Kim Jong-il (金正日)","State Councilor (国务委员) and General Secretary of Workers' Party of Korea (朝鲜劳动党中央委员会总书记)","Goodwill Visit","http://kp.china-embassy.org/chn/zcgx/gchf/sbgx2010/t775625.htm"
"2011/02/13 - 2011/02/15","Hu Jintao/Kim Jong-il","North Korea","Meng Jianzhu (孟建柱) and Kim Jong-il (金正日)","State Councilor and Minister of Public Security (国务委员、公安部部长) and General Secretary of Workers' Party of Korea (朝鲜劳动党中央委员会总书记)","Goodwill Visit","http://kp.china-embassy.org/chn/zcgx/gchf/1b/t794780.htm"
"2011/05/16 - 2011/05/20","Hu Jintao/Kim Jong-il","North Korea","Chen Xiaoguang (陈宗兴) and Kim Yong-nam (金永南)","Vice Chairperson of the National Commmittee of the Chinese People's Political Consultative Conference (中国人民政治协商会议全国委员会副主席) and President of the Presidium of the Supreme People's Assembly (朝鲜最高人民会议常任委员会委员长)","Goodwill Visit: CPPCC delegation","http://kp.china-embassy.org/chn/zcgx/gchf/1b/t824160.htm"
"2011/05/20 - 2011/05/26","Hu Jintao/Kim Jong-il","China","Kim Jong-il (金正日) and Hu Jintao (胡锦涛)","General Secretary of Workers' Party of Korea (朝鲜劳动党中央委员会总书记) and General Secretary of Communist Party of China (中国共产党中央委员会总书记)","Summit Meeting: Unofficial visit, also visited Heilongjiang, Jilin, and Jiangsu provinces","http://uhrp.org/news/kim-jong-il-beijing-meet-chinas-leaders"
"2011/06/10 - 2011/06/13","Hu Jintao/Kim Jong-il","North Korea","Li Yuanchao (李源潮) and Kim Jong-il (金正日)","Member of the Central Politburo and Secretary of the Secretariat of the Communist Party of China (中共中央政治局委员、中央书记处书记) and General Secretary of Workers' Party of Korea (朝鲜劳动党中央委员会总书记)","Goodwill Visit: Communist Party of China delegation","http://kp.china-embassy.org/chn/zcgx/gchf/1b/t830452.htm"
"2011/07/11","Hu Jintao/Kim Jong-il","China","Yang Hyong-sop (杨亨燮) and Hu Jintao (胡锦涛)","Vice President of the Presidium of the Supreme People's Assembly (最高人民会议常任委员会副委员长) and General Secretary of Communist Party of China (中国共产党中央委员会总书记)","Anniversary Visit: 50th anniversary of the Sino-North Korean Mutual Aid and Cooperation Friendship Treaty","http://kp.china-embassy.org/chn/zcgx/gchf/1b/t838664.htm"
"2011/07/10 - 2010/07/12","Hu Jintao/Kim Jong-il","North Korea","Zhang Dejiang (张德江) and Kim Jong-il (金正日)","Vice Premier (中华人民共和国国务院副总理) and General Secretary of Workers' Party of Korea (朝鲜劳动党中央委员会总书记)","Anniversary Visit: 50th anniversary of the Sino-North Korean Mutual Aid and Cooperation Friendship Treaty","http://kp.china-embassy.org/chn/zcgx/gchf/1b/t839071.htm"
"2011/07/08","Hu Jintao/Kim Jong-il","China","Tae Jongsu (太宗秀) and Zhou Yongkang (周永康)","Alternate member of the Politburo of Workers' Party of Korea (朝鲜党中央政治局候补委员) and Member of Politburo Standing Committee of the Communist Party of China and Secretary of Central Political and Legal Affairs Commission (中国共产党中央政治局常务委员会委员、中央政法委书记)","Goodwill Visit: Workers' Party of Korea delegation","http://money.163.com/11/0707/17/78CI56FQ00253B0H.html"
"2011/08/25 - 2011/08/27","Hu Jintao/Kim Jong-il","China","Kim Jong-il (金正日) and Dai Bingguo (戴秉国)","General Secretary of Workers' Party of Korea (朝鲜劳动党中央委员会总书记) and State Councilor (国务委员)","Summit Meeting: Transit Visit, visited Heilongjiang and Jilin provinces, and Inner Mongolia Autonomous Region","http://kp.china-embassy.org/chn/zcgx/gchf/1b/t853590.htm"
"2011/09/26 - 2011/09/30","Hu Jintao/Kim Jong-il","China","Choe Yong-rim (崔永林) and Hu Jintao (胡锦涛)","Premier (朝鲜民主主义人民共和国内阁总理) and General Secretary of Communist Party of China (中国共产党中央委员会总书记)","State Visit: Official goodwill visit","http://kp.china-embassy.org/chn/zcgx/gchf/1b/t863108.htm"
"2011/10/23 - 2011/10/25","Hu Jintao/Kim Jong-il","North Korea","Li Keqiang (李克强) and Kim Jong-il (金正日)","Vice Premier (中华人民共和国国务院副总理) and General Secretary of Workers' Party of Korea (朝鲜劳动党中央委员会总书记)","Goodwill Visit","http://wcm.fmprc.gov.cn/pub/eng/topics/lkq_cx_hg/t870913.htm"
"2011/11/15 - 2011/11/18","Hu Jintao/Kim Jong-il","North Korea","Li Jinai (李继耐) and Kim Jong-il (金正日)","Member of the Central Military Commission and Director General of General Political Department of the People's Liberation Army(中央军委委员、总政治部主任) and General Secretary of Workers' Party of Korea (朝鲜劳动党中央委员会总书记)","Goodwill Visit: People's Liberation Army delegation","http://kp.china-embassy.org/chn/zcgx/gchf/1b/t879280.htm"
"2012/04/20 - 2012/04/24","Hu Jintao/Kim Jong-un","China","Kim Yong-il (金永日) and Hu Jintao (胡锦涛)","Alternate member of the Politburo and secretary of the Central Committee of Workers' Party of Korea (朝鲜党中央政治局候补委员、中央书记) and General Secretary of Communist Party of China (中国共产党中央委员会总书记)","Goodwill Visit: Workers' Party of Korea delegation","http://www.fmprc.gov.cn/ce/ceindo/eng/xwdt/t925643.htm"
"2012/07/30 - 2012/08/03","Hu Jintao/Kim Jong-un","North Korea","Wang Jiarui (王家瑞) and Kim Jong-un (金正恩)","Head of International Liaison Department of the Communist Party of China (中共中央对外联络部部长) and First Secretary of Workers's Party of Korea (朝鲜劳动党中央委員會第一书记)","Goodwill Visit","http://www.reuters.com/article/us-china-korea-idUSBRE87202T20120803"
"2012/08/13 - 2012/08/18","Hu Jintao/Kim Jong-un","China","Jang Song-thaek (张成泽) and Hu Jintao (胡锦涛)","Member of the Politburo of Workers' Party of Korea and Vice Chairman of the National Defense Commission (朝鲜劳动党中央政治局委员, 国防委员会副委员长) and General Secretary of Communist Party of China (中国共产党中央委员会总书记)","Goodwill Visit","http://www.chinanews.com/gn/2012/08-17/4114387.shtml"
"2012/11/29 - 2012/11/30","Hu Jintao/Kim Jong-un","North Korea","Li Jianguo (李建国) and Kim Jong-un (金正恩)","Member of Central Politburo of Communist Party of China and Vice Chairman and Secretary General of the National People's Congress (中共中央政治局委员、全国人大常委会副委员长兼秘书长) and First Secretary of Workers's Party of Korea (朝鲜劳动党中央委員會第一书记)","Goodwill Visit: Communist Party of China delegation","http://news.xinhuanet.com/english/china/2012-11/30/c_132010860.htm"
"2013/05/24 - 2013/05/28","Xi Jinping/Kim Jong-un","China","Choe Ryong-hae (崔龙海) and Xi Jinping (习近平)","Member of the Politburo Standing Committee of Workers' Party of Korea (朝鲜劳动党中央政治局常委) and General Secretary of Communist Party of China (中国共产党中央委员会总书记)","Goodwill Visit: Kim Jong-un's special envoy","http://www.fmprc.gov.cn/ce/cech/chn/ssyw/t1043542.htm"
"2013/07/05 - 2013/07/28","Xi Jinping/Kim Jong-un","North Korea","Li Yuanchao (李源潮) and Kim Jong-un (金正恩)","Vice President (中华人民共和国副主席) and First Secretary of Workers's Party of Korea (朝鲜劳动党中央委員會第一书记)","Goodwill Visit","http://www.scmp.com/news/china/article/1291427/vice-president-li-yuanchao-urges-north-koreas-kim-enter-denuclearisation"
"2015/09/03","Xi Jinping/Kim Jong-un","China","Choe Ryong-hae (崔龙海) and Xi Jinping (习近平)","Member of Politburo and Secretary of Workers' Party of Korea (朝鲜劳动党中央政治局委员、党中央书记) and General Secretary of Communist Party of China (中国共产党中央委员会总书记)","Anniversary Visit: 70th anniversary of the end of World War Two","http://www.telegraph.co.uk/news/worldnews/asia/northkorea/11845130/China-snubs-North-Korea-in-favour-of-South-at-Beijing-event.html"
"2015/10/09 - 2015/10/12","Xi Jinping/Kim Jong-un","North Korea","Liu Yunshan (刘云山) and Kim Jong-un (金正恩)","Member of Politburo Standing Committee of the Communist Party of China (中国共产党中央政治局常务委员会委员) and First Secretary of Workers's Party of Korea (朝鲜劳动党中央委員會第一书记)","Anniversary Visit: 70th anniversary of Workers' Party of Korea","http://news.xinhuanet.com/world/2015-10/10/c_1116773429.htm"
"2016/05/31 - 2016/06/02","Xi Jinping/Kim Jong-un","China","Ri Su-yong (李洙墉) and Xi Jinping (习近平)","Member of Politburo and Vice Chairman of Central Committee of Workers' Party of Korea (朝鲜劳动党中央政治局委员、中央副委员长) and General Secretary of Communist Party of China (中国共产党中央委员会总书记)","Goodwill Visit: Workers' Party of Korea delegation","http://news.xinhuanet.com/politics/2016-06/01/c_1118972463.htm"
"2018/03/25 - 2018/03/28","Xi Jinping/Kim Jong-un","China","Kim Jong-un (金正恩) and Xi Jinping (习近平)","Chairman of the Workers' Party of Korea (朝鲜劳动党委员长 ) and General Secretary of Communist Party of China (中国共产党中央委员会总书记)","Unofficial visit","http://en.people.cn/n3/2018/0328/c90000-9442453.html"
"2018/04/03","Xi Jinping/Kim Jong-un","China","Ri Yong-ho (李勇浩) and Wang Yi (王毅)","Minister of Foreign Affairs (朝鲜民主主义人民共和国外交部长) and Minister of Foreign Affairs (中华人民共和国外交部长)","Unofficial visit","http://www.fmprc.gov.cn/mfa_eng/zxxx_662805/t1548858.shtml"
"2018/04/14","Xi Jinping/Kim Jong-un","North Korea","Song Tao (宋涛) and Kim Jong-un (金正恩)","Head of International Liaison Department of the Communist Party of China (中共中央对外联络部部长) and Chairman of the Workers' Party of Korea (朝鲜劳动党委员长 )","Unofficial visit","http://en.people.cn/n3/2018/0416/c90000-9450049.html"
"2018/05/03","Xi Jinping/Kim Jong-un","North Korea","Wang Yi (王毅) and Kim Jong-un (金正恩)","Minister of Foreign Affairs (中华人民共和国外交部长) and Chairman of the Workers' Party of Korea (朝鲜劳动党委员长 )","Unofficial visit","http://www.fmprc.gov.cn/mfa_eng/zxxx_662805/t1557115.shtml"
"2018/05/07 - 2018/05/08","Xi Jinping/Kim Jong-un","China","Kim Jong-un (金正恩) and Xi Jinping (习近平)","Chairman of the Workers' Party of Korea (朝鲜劳动党委员长 ) and General Secretary of Communist Party of China (中国共产党中央委员会总书记)","Unofficial visit","http://www.xinhuanet.com/english/2018-05/08/c_137164420_2.htm"
"2019/01/08 - 2019/01/09","Xi Jinping/Kim Jong-un","China","Kim Jong-un (金正恩) and Xi Jinping (习近平)","Chairman of the Workers' Party of Korea (朝鲜劳动党委员长 ) and General Secretary of Communist Party of China (中国共产党中央委员会总书记)","Unofficial visit","http://www.xinhuanet.com/english/2019-01/10/c_1210034532.htm"
"2019/06/20 - 2019/06/21","Xi Jinping/Kim Jong-un","North Korea","Kim Jong-un (金正恩) and Xi Jinping (习近平)","Chairman of the Workers' Party of Korea (朝鲜劳动党委员长 ) and General Secretary of Communist Party of China (中国共产党中央委员会总书记)","State Visit","http://www.xinhuanet.com/english/cnleaders/20190620xjp/index.htm"
"2019/09/02 - 2019/0904","Xi Jinping/Kim Jong-un","North Korea","Wang Yi (王毅) and Ri Su-yong (李洙墉)","Minister of Foreign Affairs (中华人民共和国外交部长) and Member of Politburo and Vice Chairman of Central Committee of Workers' Party of Korea (朝鲜劳动党中央政治局委员、中央副委员长)","Goodwill Visit: Workers' Party of Korea delegation","https://www.fmprc.gov.cn/mfa_eng/zxxx_662805/t1695147.shtml"